<?xml version="1.0" encoding="UTF-8" ?>

<PMML
	version="4.1"
	xmlns="http://www.dmg.org/PMML-4_1"
	xmlns:xsi="http://www.w3.org/2001/XMLSchema-instance"
	xsi:schemaLocation="http://www.dmg.org/PMML-4_1 pmml-4-1.xsd">
	<Header
		copyright="Copyright (c) IBM Corp. 1989, 2013.">
		<Application
			name="IBM SPSS Statistics"
			version="22.0.0.0"/>
	</Header>
	<DataDictionary
		numberOfFields="6">
		<DataField
			name="HWT_DHT_M_TRM"
			displayName=""
			optype="continuous"
			dataType="double"/>
		<DataField
			name="SEX_ASK_TRM"
			displayName=""
			optype="categorical"
			dataType="string">
			<Value
				value="1:M"
				property="valid"/>
			<Value
				value="2:F"
				property="valid"/>
		</DataField>
		<DataField
			name="Age_group_5"
			displayName=""
			optype="categorical"
			dataType="string">
			<Value
				value="02:49-54"
				property="valid"/>
			<Value
				value="03:55-64"
				property="valid"/>
			<Value
				value="04:65-74"
				property="valid"/>
			<Value
				value="05:75-85"
				property="valid"/>
			<Value
				value="11:45-48"
				property="valid"/>
		</DataField>
		<DataField
			name="Education"
			displayName=""
			optype="categorical"
			dataType="string">
			<Value
				value="02:Medium Education"
				property="valid"/>
			<Value
				value="03:Higher Education lower"
				property="valid"/>
			<Value
				value="04:Higher Education upper"
				property="valid"/>
			<Value
				value="11:Low Education"
				property="valid"/>
		</DataField>
		<DataField
			name="WGHTS_PROV_TRM"
			displayName=""
			optype="categorical"
			dataType="string">
			<Value
				value="02:BC"
				property="valid"/>
			<Value
				value="03:MB"
				property="valid"/>
			<Value
				value="04:NB"
				property="valid"/>
			<Value
				value="05:NL"
				property="valid"/>
			<Value
				value="06:NS"
				property="valid"/>
			<Value
				value="07:ON"
				property="valid"/>
			<Value
				value="08:PE"
				property="valid"/>
			<Value
				value="09:QC"
				property="valid"/>
			<Value
				value="10:SK"
				property="valid"/>
			<Value
				value="11:AB"
				property="valid"/>
		</DataField>
		<DataField
			name="HWT_WGHT_KG_TRM"
			displayName=""
			optype="continuous"
			dataType="double"/>
	</DataDictionary>
	<GeneralRegressionModel
		targetVariableName="HWT_DHT_M_TRM"
		modelType="generalLinear"
		modelName="CSGLM"
		algorithmName="CSGLM"
		functionName="regression"
		modelDF="783">
		<Extension
			extender="spss.com"
			name="numberParameters"
			value="23"/>
		<MiningSchema>
			<MiningField
				name="HWT_DHT_M_TRM"
				usageType="predicted"
				missingValueTreatment="asIs"/>
			<MiningField
				name="SEX_ASK_TRM"
				usageType="active"
				missingValueTreatment="asIs"/>
			<MiningField
				name="Age_group_5"
				usageType="active"
				missingValueTreatment="asIs"/>
			<MiningField
				name="Education"
				usageType="active"
				missingValueTreatment="asIs"/>
			<MiningField
				name="WGHTS_PROV_TRM"
				usageType="active"
				missingValueTreatment="asIs"/>
			<MiningField
				name="HWT_WGHT_KG_TRM"
				usageType="active"
				missingValueTreatment="asIs"/>
		</MiningSchema>
		<ParameterList>
			<Parameter
				name="P0000001"
				label="Intercept"/>
			<Parameter
				name="P0000002"
				label="[SEX_ASK_TRM=1:M]"/>
			<Parameter
				name="P0000003"
				label="[SEX_ASK_TRM=2:F]"/>
			<Parameter
				name="P0000004"
				label="[Age_group_5=02:49-54]"/>
			<Parameter
				name="P0000005"
				label="[Age_group_5=03:55-64]"/>
			<Parameter
				name="P0000006"
				label="[Age_group_5=04:65-74]"/>
			<Parameter
				name="P0000007"
				label="[Age_group_5=05:75-85]"/>
			<Parameter
				name="P0000008"
				label="[Age_group_5=11:45-48]"/>
			<Parameter
				name="P0000009"
				label="[Education=02:Medium Education]"/>
			<Parameter
				name="P0000010"
				label="[Education=03:Higher Education lower]"/>
			<Parameter
				name="P0000011"
				label="[Education=04:Higher Education upper]"/>
			<Parameter
				name="P0000012"
				label="[Education=11:Low Education]"/>
			<Parameter
				name="P0000013"
				label="[WGHTS_PROV_TRM=02:BC]"/>
			<Parameter
				name="P0000014"
				label="[WGHTS_PROV_TRM=03:MB]"/>
			<Parameter
				name="P0000015"
				label="[WGHTS_PROV_TRM=04:NB]"/>
			<Parameter
				name="P0000016"
				label="[WGHTS_PROV_TRM=05:NL]"/>
			<Parameter
				name="P0000017"
				label="[WGHTS_PROV_TRM=06:NS]"/>
			<Parameter
				name="P0000018"
				label="[WGHTS_PROV_TRM=07:ON]"/>
			<Parameter
				name="P0000019"
				label="[WGHTS_PROV_TRM=08:PE]"/>
			<Parameter
				name="P0000020"
				label="[WGHTS_PROV_TRM=09:QC]"/>
			<Parameter
				name="P0000021"
				label="[WGHTS_PROV_TRM=10:SK]"/>
			<Parameter
				name="P0000022"
				label="[WGHTS_PROV_TRM=11:AB]"/>
			<Parameter
				name="P0000023"
				label="HWT_WGHT_KG_TRM"/>
		</ParameterList>
		<FactorList>
			<Predictor
				name="SEX_ASK_TRM"/>
			<Predictor
				name="Age_group_5"/>
			<Predictor
				name="Education"/>
			<Predictor
				name="WGHTS_PROV_TRM"/>
		</FactorList>
		<CovariateList>
			<Predictor
				name="HWT_WGHT_KG_TRM"/>
		</CovariateList>
		<PPMatrix>
			<PPCell
				value="1:M"
				predictorName="SEX_ASK_TRM"
				parameterName="P0000002"/>
			<PPCell
				value="2:F"
				predictorName="SEX_ASK_TRM"
				parameterName="P0000003"/>
			<PPCell
				value="02:49-54"
				predictorName="Age_group_5"
				parameterName="P0000004"/>
			<PPCell
				value="03:55-64"
				predictorName="Age_group_5"
				parameterName="P0000005"/>
			<PPCell
				value="04:65-74"
				predictorName="Age_group_5"
				parameterName="P0000006"/>
			<PPCell
				value="05:75-85"
				predictorName="Age_group_5"
				parameterName="P0000007"/>
			<PPCell
				value="11:45-48"
				predictorName="Age_group_5"
				parameterName="P0000008"/>
			<PPCell
				value="02:Medium Education"
				predictorName="Education"
				parameterName="P0000009"/>
			<PPCell
				value="03:Higher Education lower"
				predictorName="Education"
				parameterName="P0000010"/>
			<PPCell
				value="04:Higher Education upper"
				predictorName="Education"
				parameterName="P0000011"/>
			<PPCell
				value="11:Low Education"
				predictorName="Education"
				parameterName="P0000012"/>
			<PPCell
				value="02:BC"
				predictorName="WGHTS_PROV_TRM"
				parameterName="P0000013"/>
			<PPCell
				value="03:MB"
				predictorName="WGHTS_PROV_TRM"
				parameterName="P0000014"/>
			<PPCell
				value="04:NB"
				predictorName="WGHTS_PROV_TRM"
				parameterName="P0000015"/>
			<PPCell
				value="05:NL"
				predictorName="WGHTS_PROV_TRM"
				parameterName="P0000016"/>
			<PPCell
				value="06:NS"
				predictorName="WGHTS_PROV_TRM"
				parameterName="P0000017"/>
			<PPCell
				value="07:ON"
				predictorName="WGHTS_PROV_TRM"
				parameterName="P0000018"/>
			<PPCell
				value="08:PE"
				predictorName="WGHTS_PROV_TRM"
				parameterName="P0000019"/>
			<PPCell
				value="09:QC"
				predictorName="WGHTS_PROV_TRM"
				parameterName="P0000020"/>
			<PPCell
				value="10:SK"
				predictorName="WGHTS_PROV_TRM"
				parameterName="P0000021"/>
			<PPCell
				value="11:AB"
				predictorName="WGHTS_PROV_TRM"
				parameterName="P0000022"/>
			<PPCell
				value="1"
				predictorName="HWT_WGHT_KG_TRM"
				parameterName="P0000023"/>
		</PPMatrix>
		<PCovMatrix>
			<PCovCell
				pRow="P0000001"
				pCol="P0000001"
				value="0.000440188977035645"/>
			<PCovCell
				pRow="P0000002"
				pCol="P0000001"
				value="9.48056495949417e-007"/>
			<PCovCell
				pRow="P0000002"
				pCol="P0000002"
				value="3.84351173661644e-005"/>
			<PCovCell
				pRow="P0000003"
				pCol="P0000001"
				value="0"/>
			<PCovCell
				pRow="P0000003"
				pCol="P0000002"
				value="0"/>
			<PCovCell
				pRow="P0000003"
				pCol="P0000003"
				value="0"/>
			<PCovCell
				pRow="P0000004"
				pCol="P0000001"
				value="-8.18597438142619e-005"/>
			<PCovCell
				pRow="P0000004"
				pCol="P0000002"
				value="9.71593923491549e-006"/>
			<PCovCell
				pRow="P0000004"
				pCol="P0000003"
				value="0"/>
			<PCovCell
				pRow="P0000004"
				pCol="P0000004"
				value="9.32047999679943e-005"/>
			<PCovCell
				pRow="P0000005"
				pCol="P0000001"
				value="-9.28833650862886e-005"/>
			<PCovCell
				pRow="P0000005"
				pCol="P0000002"
				value="1.21292486634549e-005"/>
			<PCovCell
				pRow="P0000005"
				pCol="P0000003"
				value="0"/>
			<PCovCell
				pRow="P0000005"
				pCol="P0000004"
				value="6.38349329017357e-005"/>
			<PCovCell
				pRow="P0000005"
				pCol="P0000005"
				value="8.4298724409483e-005"/>
			<PCovCell
				pRow="P0000006"
				pCol="P0000001"
				value="-0.00011763233437519"/>
			<PCovCell
				pRow="P0000006"
				pCol="P0000002"
				value="1.48444473078053e-005"/>
			<PCovCell
				pRow="P0000006"
				pCol="P0000003"
				value="0"/>
			<PCovCell
				pRow="P0000006"
				pCol="P0000004"
				value="6.44784021253148e-005"/>
			<PCovCell
				pRow="P0000006"
				pCol="P0000005"
				value="6.49895359689946e-005"/>
			<PCovCell
				pRow="P0000006"
				pCol="P0000006"
				value="9.67445454898483e-005"/>
			<PCovCell
				pRow="P0000007"
				pCol="P0000001"
				value="-9.13560419324754e-005"/>
			<PCovCell
				pRow="P0000007"
				pCol="P0000002"
				value="1.57128362190055e-005"/>
			<PCovCell
				pRow="P0000007"
				pCol="P0000003"
				value="0"/>
			<PCovCell
				pRow="P0000007"
				pCol="P0000004"
				value="6.58534975436915e-005"/>
			<PCovCell
				pRow="P0000007"
				pCol="P0000005"
				value="6.60371714716757e-005"/>
			<PCovCell
				pRow="P0000007"
				pCol="P0000006"
				value="6.5439977178743e-005"/>
			<PCovCell
				pRow="P0000007"
				pCol="P0000007"
				value="0.000101465226542503"/>
			<PCovCell
				pRow="P0000008"
				pCol="P0000001"
				value="0"/>
			<PCovCell
				pRow="P0000008"
				pCol="P0000002"
				value="0"/>
			<PCovCell
				pRow="P0000008"
				pCol="P0000003"
				value="0"/>
			<PCovCell
				pRow="P0000008"
				pCol="P0000004"
				value="0"/>
			<PCovCell
				pRow="P0000008"
				pCol="P0000005"
				value="0"/>
			<PCovCell
				pRow="P0000008"
				pCol="P0000006"
				value="0"/>
			<PCovCell
				pRow="P0000008"
				pCol="P0000007"
				value="0"/>
			<PCovCell
				pRow="P0000008"
				pCol="P0000008"
				value="0"/>
			<PCovCell
				pRow="P0000009"
				pCol="P0000001"
				value="-7.34517461437498e-005"/>
			<PCovCell
				pRow="P0000009"
				pCol="P0000002"
				value="1.45289388790042e-005"/>
			<PCovCell
				pRow="P0000009"
				pCol="P0000003"
				value="0"/>
			<PCovCell
				pRow="P0000009"
				pCol="P0000004"
				value="9.16656527192321e-006"/>
			<PCovCell
				pRow="P0000009"
				pCol="P0000005"
				value="2.35465794189811e-005"/>
			<PCovCell
				pRow="P0000009"
				pCol="P0000006"
				value="1.71475739211121e-005"/>
			<PCovCell
				pRow="P0000009"
				pCol="P0000007"
				value="2.02349379760593e-005"/>
			<PCovCell
				pRow="P0000009"
				pCol="P0000008"
				value="0"/>
			<PCovCell
				pRow="P0000009"
				pCol="P0000009"
				value="6.95618781158689e-005"/>
			<PCovCell
				pRow="P0000010"
				pCol="P0000001"
				value="-8.88748351519415e-005"/>
			<PCovCell
				pRow="P0000010"
				pCol="P0000002"
				value="4.76024238930648e-006"/>
			<PCovCell
				pRow="P0000010"
				pCol="P0000003"
				value="0"/>
			<PCovCell
				pRow="P0000010"
				pCol="P0000004"
				value="4.33990117642767e-006"/>
			<PCovCell
				pRow="P0000010"
				pCol="P0000005"
				value="1.66392015933691e-005"/>
			<PCovCell
				pRow="P0000010"
				pCol="P0000006"
				value="1.9229698489289e-005"/>
			<PCovCell
				pRow="P0000010"
				pCol="P0000007"
				value="1.5617323771467e-005"/>
			<PCovCell
				pRow="P0000010"
				pCol="P0000008"
				value="0"/>
			<PCovCell
				pRow="P0000010"
				pCol="P0000009"
				value="5.16310986247658e-005"/>
			<PCovCell
				pRow="P0000010"
				pCol="P0000010"
				value="8.86677792678326e-005"/>
			<PCovCell
				pRow="P0000011"
				pCol="P0000001"
				value="-7.15611932457574e-005"/>
			<PCovCell
				pRow="P0000011"
				pCol="P0000002"
				value="1.31902288081496e-005"/>
			<PCovCell
				pRow="P0000011"
				pCol="P0000003"
				value="0"/>
			<PCovCell
				pRow="P0000011"
				pCol="P0000004"
				value="1.29723021651771e-005"/>
			<PCovCell
				pRow="P0000011"
				pCol="P0000005"
				value="2.43833583057411e-005"/>
			<PCovCell
				pRow="P0000011"
				pCol="P0000006"
				value="1.69967540727066e-005"/>
			<PCovCell
				pRow="P0000011"
				pCol="P0000007"
				value="2.14996727795342e-005"/>
			<PCovCell
				pRow="P0000011"
				pCol="P0000008"
				value="0"/>
			<PCovCell
				pRow="P0000011"
				pCol="P0000009"
				value="5.6859664387286e-005"/>
			<PCovCell
				pRow="P0000011"
				pCol="P0000010"
				value="5.25841227664639e-005"/>
			<PCovCell
				pRow="P0000011"
				pCol="P0000011"
				value="7.14093489337865e-005"/>
			<PCovCell
				pRow="P0000012"
				pCol="P0000001"
				value="0"/>
			<PCovCell
				pRow="P0000012"
				pCol="P0000002"
				value="0"/>
			<PCovCell
				pRow="P0000012"
				pCol="P0000003"
				value="0"/>
			<PCovCell
				pRow="P0000012"
				pCol="P0000004"
				value="0"/>
			<PCovCell
				pRow="P0000012"
				pCol="P0000005"
				value="0"/>
			<PCovCell
				pRow="P0000012"
				pCol="P0000006"
				value="0"/>
			<PCovCell
				pRow="P0000012"
				pCol="P0000007"
				value="0"/>
			<PCovCell
				pRow="P0000012"
				pCol="P0000008"
				value="0"/>
			<PCovCell
				pRow="P0000012"
				pCol="P0000009"
				value="0"/>
			<PCovCell
				pRow="P0000012"
				pCol="P0000010"
				value="0"/>
			<PCovCell
				pRow="P0000012"
				pCol="P0000011"
				value="0"/>
			<PCovCell
				pRow="P0000012"
				pCol="P0000012"
				value="0"/>
			<PCovCell
				pRow="P0000013"
				pCol="P0000001"
				value="-0.000153822831378482"/>
			<PCovCell
				pRow="P0000013"
				pCol="P0000002"
				value="-1.97059718767914e-006"/>
			<PCovCell
				pRow="P0000013"
				pCol="P0000003"
				value="0"/>
			<PCovCell
				pRow="P0000013"
				pCol="P0000004"
				value="2.65114213392936e-005"/>
			<PCovCell
				pRow="P0000013"
				pCol="P0000005"
				value="3.00703283302517e-005"/>
			<PCovCell
				pRow="P0000013"
				pCol="P0000006"
				value="4.1975313942283e-005"/>
			<PCovCell
				pRow="P0000013"
				pCol="P0000007"
				value="1.77514132902453e-005"/>
			<PCovCell
				pRow="P0000013"
				pCol="P0000008"
				value="0"/>
			<PCovCell
				pRow="P0000013"
				pCol="P0000009"
				value="1.17689025313179e-005"/>
			<PCovCell
				pRow="P0000013"
				pCol="P0000010"
				value="2.13620285516791e-005"/>
			<PCovCell
				pRow="P0000013"
				pCol="P0000011"
				value="1.43682025878357e-005"/>
			<PCovCell
				pRow="P0000013"
				pCol="P0000012"
				value="0"/>
			<PCovCell
				pRow="P0000013"
				pCol="P0000013"
				value="0.000114334126865874"/>
			<PCovCell
				pRow="P0000014"
				pCol="P0000001"
				value="-0.000100573397626541"/>
			<PCovCell
				pRow="P0000014"
				pCol="P0000002"
				value="-3.11320929777291e-005"/>
			<PCovCell
				pRow="P0000014"
				pCol="P0000003"
				value="0"/>
			<PCovCell
				pRow="P0000014"
				pCol="P0000004"
				value="-1.26001787979317e-005"/>
			<PCovCell
				pRow="P0000014"
				pCol="P0000005"
				value="-1.4722684422354e-005"/>
			<PCovCell
				pRow="P0000014"
				pCol="P0000006"
				value="-1.03886017340689e-005"/>
			<PCovCell
				pRow="P0000014"
				pCol="P0000007"
				value="-1.27641484940259e-005"/>
			<PCovCell
				pRow="P0000014"
				pCol="P0000008"
				value="0"/>
			<PCovCell
				pRow="P0000014"
				pCol="P0000009"
				value="8.56811901277467e-006"/>
			<PCovCell
				pRow="P0000014"
				pCol="P0000010"
				value="3.59433559388128e-005"/>
			<PCovCell
				pRow="P0000014"
				pCol="P0000011"
				value="1.86087536859033e-005"/>
			<PCovCell
				pRow="P0000014"
				pCol="P0000012"
				value="0"/>
			<PCovCell
				pRow="P0000014"
				pCol="P0000013"
				value="6.10109898900187e-005"/>
			<PCovCell
				pRow="P0000014"
				pCol="P0000014"
				value="0.00021611893316423"/>
			<PCovCell
				pRow="P0000015"
				pCol="P0000001"
				value="-0.000110451350539346"/>
			<PCovCell
				pRow="P0000015"
				pCol="P0000002"
				value="-8.86643976939981e-006"/>
			<PCovCell
				pRow="P0000015"
				pCol="P0000003"
				value="0"/>
			<PCovCell
				pRow="P0000015"
				pCol="P0000004"
				value="1.26209112950822e-005"/>
			<PCovCell
				pRow="P0000015"
				pCol="P0000005"
				value="1.70602916778227e-005"/>
			<PCovCell
				pRow="P0000015"
				pCol="P0000006"
				value="6.34954058754477e-006"/>
			<PCovCell
				pRow="P0000015"
				pCol="P0000007"
				value="7.89614179021507e-006"/>
			<PCovCell
				pRow="P0000015"
				pCol="P0000008"
				value="0"/>
			<PCovCell
				pRow="P0000015"
				pCol="P0000009"
				value="2.3126830298256e-005"/>
			<PCovCell
				pRow="P0000015"
				pCol="P0000010"
				value="1.69621448366058e-005"/>
			<PCovCell
				pRow="P0000015"
				pCol="P0000011"
				value="2.10938398392347e-005"/>
			<PCovCell
				pRow="P0000015"
				pCol="P0000012"
				value="0"/>
			<PCovCell
				pRow="P0000015"
				pCol="P0000013"
				value="6.40089755878603e-005"/>
			<PCovCell
				pRow="P0000015"
				pCol="P0000014"
				value="6.43234605152028e-005"/>
			<PCovCell
				pRow="P0000015"
				pCol="P0000015"
				value="0.000181349773149058"/>
			<PCovCell
				pRow="P0000016"
				pCol="P0000001"
				value="-0.000104845900105232"/>
			<PCovCell
				pRow="P0000016"
				pCol="P0000002"
				value="-7.60789670615208e-006"/>
			<PCovCell
				pRow="P0000016"
				pCol="P0000003"
				value="0"/>
			<PCovCell
				pRow="P0000016"
				pCol="P0000004"
				value="2.89149946037933e-005"/>
			<PCovCell
				pRow="P0000016"
				pCol="P0000005"
				value="3.63690931666124e-005"/>
			<PCovCell
				pRow="P0000016"
				pCol="P0000006"
				value="2.78337849349344e-005"/>
			<PCovCell
				pRow="P0000016"
				pCol="P0000007"
				value="2.42567531672451e-005"/>
			<PCovCell
				pRow="P0000016"
				pCol="P0000008"
				value="0"/>
			<PCovCell
				pRow="P0000016"
				pCol="P0000009"
				value="3.58537687739622e-005"/>
			<PCovCell
				pRow="P0000016"
				pCol="P0000010"
				value="3.36548793246815e-005"/>
			<PCovCell
				pRow="P0000016"
				pCol="P0000011"
				value="3.77294442466515e-005"/>
			<PCovCell
				pRow="P0000016"
				pCol="P0000012"
				value="0"/>
			<PCovCell
				pRow="P0000016"
				pCol="P0000013"
				value="6.85706769954289e-005"/>
			<PCovCell
				pRow="P0000016"
				pCol="P0000014"
				value="6.71350734933946e-005"/>
			<PCovCell
				pRow="P0000016"
				pCol="P0000015"
				value="7.28512410877483e-005"/>
			<PCovCell
				pRow="P0000016"
				pCol="P0000016"
				value="0.000140497657598592"/>
			<PCovCell
				pRow="P0000017"
				pCol="P0000001"
				value="-0.000120508183380605"/>
			<PCovCell
				pRow="P0000017"
				pCol="P0000002"
				value="6.16080210211204e-006"/>
			<PCovCell
				pRow="P0000017"
				pCol="P0000003"
				value="0"/>
			<PCovCell
				pRow="P0000017"
				pCol="P0000004"
				value="2.7724183002452e-005"/>
			<PCovCell
				pRow="P0000017"
				pCol="P0000005"
				value="2.35276422127501e-005"/>
			<PCovCell
				pRow="P0000017"
				pCol="P0000006"
				value="2.45319429555366e-005"/>
			<PCovCell
				pRow="P0000017"
				pCol="P0000007"
				value="1.85208846984155e-005"/>
			<PCovCell
				pRow="P0000017"
				pCol="P0000008"
				value="0"/>
			<PCovCell
				pRow="P0000017"
				pCol="P0000009"
				value="1.91853218528403e-005"/>
			<PCovCell
				pRow="P0000017"
				pCol="P0000010"
				value="1.82709914799234e-005"/>
			<PCovCell
				pRow="P0000017"
				pCol="P0000011"
				value="2.10067859108115e-005"/>
			<PCovCell
				pRow="P0000017"
				pCol="P0000012"
				value="0"/>
			<PCovCell
				pRow="P0000017"
				pCol="P0000013"
				value="7.63454042707778e-005"/>
			<PCovCell
				pRow="P0000017"
				pCol="P0000014"
				value="6.32016162834185e-005"/>
			<PCovCell
				pRow="P0000017"
				pCol="P0000015"
				value="6.8612046377221e-005"/>
			<PCovCell
				pRow="P0000017"
				pCol="P0000016"
				value="7.55173516213963e-005"/>
			<PCovCell
				pRow="P0000017"
				pCol="P0000017"
				value="0.000155020491414692"/>
			<PCovCell
				pRow="P0000018"
				pCol="P0000001"
				value="-9.22659587202913e-005"/>
			<PCovCell
				pRow="P0000018"
				pCol="P0000002"
				value="-1.89395329604261e-005"/>
			<PCovCell
				pRow="P0000018"
				pCol="P0000003"
				value="0"/>
			<PCovCell
				pRow="P0000018"
				pCol="P0000004"
				value="-1.31669106874069e-006"/>
			<PCovCell
				pRow="P0000018"
				pCol="P0000005"
				value="4.10535378507675e-006"/>
			<PCovCell
				pRow="P0000018"
				pCol="P0000006"
				value="4.17002911762052e-006"/>
			<PCovCell
				pRow="P0000018"
				pCol="P0000007"
				value="-9.44545610525663e-006"/>
			<PCovCell
				pRow="P0000018"
				pCol="P0000008"
				value="0"/>
			<PCovCell
				pRow="P0000018"
				pCol="P0000009"
				value="-6.50278014413276e-008"/>
			<PCovCell
				pRow="P0000018"
				pCol="P0000010"
				value="8.1237884246155e-008"/>
			<PCovCell
				pRow="P0000018"
				pCol="P0000011"
				value="-4.2660960495823e-006"/>
			<PCovCell
				pRow="P0000018"
				pCol="P0000012"
				value="0"/>
			<PCovCell
				pRow="P0000018"
				pCol="P0000013"
				value="6.64755580642492e-005"/>
			<PCovCell
				pRow="P0000018"
				pCol="P0000014"
				value="6.17079968269125e-005"/>
			<PCovCell
				pRow="P0000018"
				pCol="P0000015"
				value="6.46016821881297e-005"/>
			<PCovCell
				pRow="P0000018"
				pCol="P0000016"
				value="6.3407109071221e-005"/>
			<PCovCell
				pRow="P0000018"
				pCol="P0000017"
				value="6.24976896641279e-005"/>
			<PCovCell
				pRow="P0000018"
				pCol="P0000018"
				value="0.000100371412830003"/>
			<PCovCell
				pRow="P0000019"
				pCol="P0000001"
				value="-7.70834804094734e-005"/>
			<PCovCell
				pRow="P0000019"
				pCol="P0000002"
				value="-1.57741814840315e-005"/>
			<PCovCell
				pRow="P0000019"
				pCol="P0000003"
				value="0"/>
			<PCovCell
				pRow="P0000019"
				pCol="P0000004"
				value="1.09642897999857e-005"/>
			<PCovCell
				pRow="P0000019"
				pCol="P0000005"
				value="6.72853630568176e-006"/>
			<PCovCell
				pRow="P0000019"
				pCol="P0000006"
				value="1.17506893823874e-005"/>
			<PCovCell
				pRow="P0000019"
				pCol="P0000007"
				value="-4.14755900221903e-007"/>
			<PCovCell
				pRow="P0000019"
				pCol="P0000008"
				value="0"/>
			<PCovCell
				pRow="P0000019"
				pCol="P0000009"
				value="2.35591595848157e-006"/>
			<PCovCell
				pRow="P0000019"
				pCol="P0000010"
				value="2.07578532125146e-006"/>
			<PCovCell
				pRow="P0000019"
				pCol="P0000011"
				value="-2.11842841301443e-006"/>
			<PCovCell
				pRow="P0000019"
				pCol="P0000012"
				value="0"/>
			<PCovCell
				pRow="P0000019"
				pCol="P0000013"
				value="6.1200736254958e-005"/>
			<PCovCell
				pRow="P0000019"
				pCol="P0000014"
				value="6.2604222471832e-005"/>
			<PCovCell
				pRow="P0000019"
				pCol="P0000015"
				value="5.82026148204073e-005"/>
			<PCovCell
				pRow="P0000019"
				pCol="P0000016"
				value="6.20541735204804e-005"/>
			<PCovCell
				pRow="P0000019"
				pCol="P0000017"
				value="6.25085653526656e-005"/>
			<PCovCell
				pRow="P0000019"
				pCol="P0000018"
				value="6.41530111249973e-005"/>
			<PCovCell
				pRow="P0000019"
				pCol="P0000019"
				value="0.000212408711690401"/>
			<PCovCell
				pRow="P0000020"
				pCol="P0000001"
				value="-8.75408994892587e-005"/>
			<PCovCell
				pRow="P0000020"
				pCol="P0000002"
				value="-1.80862913288481e-005"/>
			<PCovCell
				pRow="P0000020"
				pCol="P0000003"
				value="0"/>
			<PCovCell
				pRow="P0000020"
				pCol="P0000004"
				value="2.69160628687412e-005"/>
			<PCovCell
				pRow="P0000020"
				pCol="P0000005"
				value="1.52854728082413e-005"/>
			<PCovCell
				pRow="P0000020"
				pCol="P0000006"
				value="1.24199260481685e-005"/>
			<PCovCell
				pRow="P0000020"
				pCol="P0000007"
				value="7.74002117589505e-006"/>
			<PCovCell
				pRow="P0000020"
				pCol="P0000008"
				value="0"/>
			<PCovCell
				pRow="P0000020"
				pCol="P0000009"
				value="4.05803038057946e-006"/>
			<PCovCell
				pRow="P0000020"
				pCol="P0000010"
				value="5.89833087145094e-006"/>
			<PCovCell
				pRow="P0000020"
				pCol="P0000011"
				value="3.44181583439755e-006"/>
			<PCovCell
				pRow="P0000020"
				pCol="P0000012"
				value="0"/>
			<PCovCell
				pRow="P0000020"
				pCol="P0000013"
				value="6.12971185702156e-005"/>
			<PCovCell
				pRow="P0000020"
				pCol="P0000014"
				value="6.48716112332344e-005"/>
			<PCovCell
				pRow="P0000020"
				pCol="P0000015"
				value="5.81124225376993e-005"/>
			<PCovCell
				pRow="P0000020"
				pCol="P0000016"
				value="6.5487870868929e-005"/>
			<PCovCell
				pRow="P0000020"
				pCol="P0000017"
				value="6.50331703747046e-005"/>
			<PCovCell
				pRow="P0000020"
				pCol="P0000018"
				value="6.08740394612655e-005"/>
			<PCovCell
				pRow="P0000020"
				pCol="P0000019"
				value="5.8357569362193e-005"/>
			<PCovCell
				pRow="P0000020"
				pCol="P0000020"
				value="0.000109802619298624"/>
			<PCovCell
				pRow="P0000021"
				pCol="P0000001"
				value="-0.000122461651247055"/>
			<PCovCell
				pRow="P0000021"
				pCol="P0000002"
				value="-3.37897899701732e-006"/>
			<PCovCell
				pRow="P0000021"
				pCol="P0000003"
				value="0"/>
			<PCovCell
				pRow="P0000021"
				pCol="P0000004"
				value="1.78719105197625e-005"/>
			<PCovCell
				pRow="P0000021"
				pCol="P0000005"
				value="1.6805711175408e-005"/>
			<PCovCell
				pRow="P0000021"
				pCol="P0000006"
				value="2.40503185209186e-005"/>
			<PCovCell
				pRow="P0000021"
				pCol="P0000007"
				value="8.34416085761452e-006"/>
			<PCovCell
				pRow="P0000021"
				pCol="P0000008"
				value="0"/>
			<PCovCell
				pRow="P0000021"
				pCol="P0000009"
				value="1.61026119617094e-005"/>
			<PCovCell
				pRow="P0000021"
				pCol="P0000010"
				value="1.85358020712879e-005"/>
			<PCovCell
				pRow="P0000021"
				pCol="P0000011"
				value="1.80493555007421e-005"/>
			<PCovCell
				pRow="P0000021"
				pCol="P0000012"
				value="0"/>
			<PCovCell
				pRow="P0000021"
				pCol="P0000013"
				value="7.30622586800924e-005"/>
			<PCovCell
				pRow="P0000021"
				pCol="P0000014"
				value="6.624058038104e-005"/>
			<PCovCell
				pRow="P0000021"
				pCol="P0000015"
				value="6.56680383685125e-005"/>
			<PCovCell
				pRow="P0000021"
				pCol="P0000016"
				value="7.10406484990552e-005"/>
			<PCovCell
				pRow="P0000021"
				pCol="P0000017"
				value="7.24033926027591e-005"/>
			<PCovCell
				pRow="P0000021"
				pCol="P0000018"
				value="6.66792455811669e-005"/>
			<PCovCell
				pRow="P0000021"
				pCol="P0000019"
				value="6.22797943070753e-005"/>
			<PCovCell
				pRow="P0000021"
				pCol="P0000020"
				value="6.38376844163777e-005"/>
			<PCovCell
				pRow="P0000021"
				pCol="P0000021"
				value="0.000142612108076813"/>
			<PCovCell
				pRow="P0000022"
				pCol="P0000001"
				value="0"/>
			<PCovCell
				pRow="P0000022"
				pCol="P0000002"
				value="0"/>
			<PCovCell
				pRow="P0000022"
				pCol="P0000003"
				value="0"/>
			<PCovCell
				pRow="P0000022"
				pCol="P0000004"
				value="0"/>
			<PCovCell
				pRow="P0000022"
				pCol="P0000005"
				value="0"/>
			<PCovCell
				pRow="P0000022"
				pCol="P0000006"
				value="0"/>
			<PCovCell
				pRow="P0000022"
				pCol="P0000007"
				value="0"/>
			<PCovCell
				pRow="P0000022"
				pCol="P0000008"
				value="0"/>
			<PCovCell
				pRow="P0000022"
				pCol="P0000009"
				value="0"/>
			<PCovCell
				pRow="P0000022"
				pCol="P0000010"
				value="0"/>
			<PCovCell
				pRow="P0000022"
				pCol="P0000011"
				value="0"/>
			<PCovCell
				pRow="P0000022"
				pCol="P0000012"
				value="0"/>
			<PCovCell
				pRow="P0000022"
				pCol="P0000013"
				value="0"/>
			<PCovCell
				pRow="P0000022"
				pCol="P0000014"
				value="0"/>
			<PCovCell
				pRow="P0000022"
				pCol="P0000015"
				value="0"/>
			<PCovCell
				pRow="P0000022"
				pCol="P0000016"
				value="0"/>
			<PCovCell
				pRow="P0000022"
				pCol="P0000017"
				value="0"/>
			<PCovCell
				pRow="P0000022"
				pCol="P0000018"
				value="0"/>
			<PCovCell
				pRow="P0000022"
				pCol="P0000019"
				value="0"/>
			<PCovCell
				pRow="P0000022"
				pCol="P0000020"
				value="0"/>
			<PCovCell
				pRow="P0000022"
				pCol="P0000021"
				value="0"/>
			<PCovCell
				pRow="P0000022"
				pCol="P0000022"
				value="0"/>
			<PCovCell
				pRow="P0000023"
				pCol="P0000001"
				value="-2.44994166414667e-006"/>
			<PCovCell
				pRow="P0000023"
				pCol="P0000002"
				value="-4.28505510529972e-007"/>
			<PCovCell
				pRow="P0000023"
				pCol="P0000003"
				value="0"/>
			<PCovCell
				pRow="P0000023"
				pCol="P0000004"
				value="-1.10887373373022e-007"/>
			<PCovCell
				pRow="P0000023"
				pCol="P0000005"
				value="-1.28714219507599e-007"/>
			<PCovCell
				pRow="P0000023"
				pCol="P0000006"
				value="2.11754747874246e-007"/>
			<PCovCell
				pRow="P0000023"
				pCol="P0000007"
				value="-4.34901707508315e-008"/>
			<PCovCell
				pRow="P0000023"
				pCol="P0000008"
				value="0"/>
			<PCovCell
				pRow="P0000023"
				pCol="P0000009"
				value="-1.6973034024084e-007"/>
			<PCovCell
				pRow="P0000023"
				pCol="P0000010"
				value="1.55111589496623e-007"/>
			<PCovCell
				pRow="P0000023"
				pCol="P0000011"
				value="-2.0625581066273e-007"/>
			<PCovCell
				pRow="P0000023"
				pCol="P0000012"
				value="0"/>
			<PCovCell
				pRow="P0000023"
				pCol="P0000013"
				value="6.44230558509503e-007"/>
			<PCovCell
				pRow="P0000023"
				pCol="P0000014"
				value="6.19986101634997e-007"/>
			<PCovCell
				pRow="P0000023"
				pCol="P0000015"
				value="2.9949299243475e-007"/>
			<PCovCell
				pRow="P0000023"
				pCol="P0000016"
				value="-2.05756637477087e-007"/>
			<PCovCell
				pRow="P0000023"
				pCol="P0000017"
				value="1.53059408487371e-007"/>
			<PCovCell
				pRow="P0000023"
				pCol="P0000018"
				value="4.790719017476e-007"/>
			<PCovCell
				pRow="P0000023"
				pCol="P0000019"
				value="2.25889204702198e-007"/>
			<PCovCell
				pRow="P0000023"
				pCol="P0000020"
				value="2.34769864866715e-007"/>
			<PCovCell
				pRow="P0000023"
				pCol="P0000021"
				value="3.66093651267621e-007"/>
			<PCovCell
				pRow="P0000023"
				pCol="P0000022"
				value="0"/>
			<PCovCell
				pRow="P0000023"
				pCol="P0000023"
				value="3.22833219963005e-008"/>
		</PCovMatrix>
		<ParamMatrix>
			<PCell
				parameterName="P0000001"
				beta="1.54274756918816"
				df="1"/>
			<PCell
				parameterName="P0000002"
				beta="0.0838446069206392"
				df="1"/>
			<PCell
				parameterName="P0000003"
				beta="0"
				df="0"/>
			<PCell
				parameterName="P0000004"
				beta="0.0106770860598397"
				df="1"/>
			<PCell
				parameterName="P0000005"
				beta="0.0143851328933265"
				df="1"/>
			<PCell
				parameterName="P0000006"
				beta="0.00682431985202654"
				df="1"/>
			<PCell
				parameterName="P0000007"
				beta="0.0130830794492206"
				df="1"/>
			<PCell
				parameterName="P0000008"
				beta="0"
				df="0"/>
			<PCell
				parameterName="P0000009"
				beta="0.00753539316653344"
				df="1"/>
			<PCell
				parameterName="P0000010"
				beta="0.0155827483620159"
				df="1"/>
			<PCell
				parameterName="P0000011"
				beta="0.012764679519455"
				df="1"/>
			<PCell
				parameterName="P0000012"
				beta="0"
				df="0"/>
			<PCell
				parameterName="P0000013"
				beta="-0.00535047043610543"
				df="1"/>
			<PCell
				parameterName="P0000014"
				beta="0.0132219793736435"
				df="1"/>
			<PCell
				parameterName="P0000015"
				beta="0.00268732980944122"
				df="1"/>
			<PCell
				parameterName="P0000016"
				beta="0.00853651313682203"
				df="1"/>
			<PCell
				parameterName="P0000017"
				beta="-0.0114099253379834"
				df="1"/>
			<PCell
				parameterName="P0000018"
				beta="0.000102866060463828"
				df="1"/>
			<PCell
				parameterName="P0000019"
				beta="-0.00796431401346235"
				df="1"/>
			<PCell
				parameterName="P0000020"
				beta="-0.006887186872458"
				df="1"/>
			<PCell
				parameterName="P0000021"
				beta="-0.00593139517742292"
				df="1"/>
			<PCell
				parameterName="P0000022"
				beta="0"
				df="0"/>
			<PCell
				parameterName="P0000023"
				beta="0.00100778941855529"
				df="1"/>
		</ParamMatrix>
	</GeneralRegressionModel>
</PMML>