<?xml version="1.0" encoding="UTF-8" ?>

<PMML
	version="4.1"
	xmlns="http://www.dmg.org/PMML-4_1"
	xmlns:xsi="http://www.w3.org/2001/XMLSchema-instance"
	xsi:schemaLocation="http://www.dmg.org/PMML-4_1 pmml-4-1.xsd">
	<Header
		copyright="Copyright (c) IBM Corp. 1989, 2013.">
		<Application
			name="IBM SPSS Statistics"
			version="22.0.0.0"/>
	</Header>
	<DataDictionary
		numberOfFields="5">
		<DataField
			name="ORH_EXP_DRM_MCQ"
			displayName=""
			optype="categorical"
			dataType="string">
			<Value
				value="Yes"
				property="valid"/>
			<Value
				value="No"
				property="valid"/>
		</DataField>
		<DataField
			name="SEX_ASK_TRM"
			displayName=""
			optype="categorical"
			dataType="string">
			<Value
				value="1:M"
				property="valid"/>
			<Value
				value="2:F"
				property="valid"/>
		</DataField>
		<DataField
			name="Age_group_5"
			displayName=""
			optype="categorical"
			dataType="string">
			<Value
				value="02:49-54"
				property="valid"/>
			<Value
				value="03:55-64"
				property="valid"/>
			<Value
				value="04:65-74"
				property="valid"/>
			<Value
				value="05:75-85"
				property="valid"/>
			<Value
				value="11:45-48"
				property="valid"/>
		</DataField>
		<DataField
			name="Education"
			displayName=""
			optype="categorical"
			dataType="string">
			<Value
				value="02:Medium Education"
				property="valid"/>
			<Value
				value="03:Higher Education lower"
				property="valid"/>
			<Value
				value="04:Higher Education upper"
				property="valid"/>
			<Value
				value="11:Low Education"
				property="valid"/>
		</DataField>
		<DataField
			name="WGHTS_PROV_TRM"
			displayName=""
			optype="categorical"
			dataType="string">
			<Value
				value="02:BC"
				property="valid"/>
			<Value
				value="03:MB"
				property="valid"/>
			<Value
				value="04:NB"
				property="valid"/>
			<Value
				value="05:NL"
				property="valid"/>
			<Value
				value="06:NS"
				property="valid"/>
			<Value
				value="07:ON"
				property="valid"/>
			<Value
				value="08:PE"
				property="valid"/>
			<Value
				value="09:QC"
				property="valid"/>
			<Value
				value="10:SK"
				property="valid"/>
			<Value
				value="11:AB"
				property="valid"/>
		</DataField>
	</DataDictionary>
	<GeneralRegressionModel
		targetVariableName="ORH_EXP_DRM_MCQ"
		targetReferenceCategory="No"
		modelType="multinomialLogistic"
		modelName="CSLogistic"
		algorithmName="CSLogistic"
		functionName="classification"
		modelDF="783">
		<Extension
			extender="spss.com"
			name="numberParameters"
			value="22"/>
		<MiningSchema>
			<MiningField
				name="ORH_EXP_DRM_MCQ"
				usageType="predicted"
				missingValueTreatment="asIs"/>
			<MiningField
				name="SEX_ASK_TRM"
				usageType="active"
				missingValueTreatment="asIs"/>
			<MiningField
				name="Age_group_5"
				usageType="active"
				missingValueTreatment="asIs"/>
			<MiningField
				name="Education"
				usageType="active"
				missingValueTreatment="asIs"/>
			<MiningField
				name="WGHTS_PROV_TRM"
				usageType="active"
				missingValueTreatment="asIs"/>
		</MiningSchema>
		<ParameterList>
			<Parameter
				name="P0000001"
				label="Intercept"/>
			<Parameter
				name="P0000002"
				label="[SEX_ASK_TRM=1:M]"/>
			<Parameter
				name="P0000003"
				label="[SEX_ASK_TRM=2:F]"/>
			<Parameter
				name="P0000004"
				label="[Age_group_5=02:49-54]"/>
			<Parameter
				name="P0000005"
				label="[Age_group_5=03:55-64]"/>
			<Parameter
				name="P0000006"
				label="[Age_group_5=04:65-74]"/>
			<Parameter
				name="P0000007"
				label="[Age_group_5=05:75-85]"/>
			<Parameter
				name="P0000008"
				label="[Age_group_5=11:45-48]"/>
			<Parameter
				name="P0000009"
				label="[Education=02:Medium Education]"/>
			<Parameter
				name="P0000010"
				label="[Education=03:Higher Education lower]"/>
			<Parameter
				name="P0000011"
				label="[Education=04:Higher Education upper]"/>
			<Parameter
				name="P0000012"
				label="[Education=11:Low Education]"/>
			<Parameter
				name="P0000013"
				label="[WGHTS_PROV_TRM=02:BC]"/>
			<Parameter
				name="P0000014"
				label="[WGHTS_PROV_TRM=03:MB]"/>
			<Parameter
				name="P0000015"
				label="[WGHTS_PROV_TRM=04:NB]"/>
			<Parameter
				name="P0000016"
				label="[WGHTS_PROV_TRM=05:NL]"/>
			<Parameter
				name="P0000017"
				label="[WGHTS_PROV_TRM=06:NS]"/>
			<Parameter
				name="P0000018"
				label="[WGHTS_PROV_TRM=07:ON]"/>
			<Parameter
				name="P0000019"
				label="[WGHTS_PROV_TRM=08:PE]"/>
			<Parameter
				name="P0000020"
				label="[WGHTS_PROV_TRM=09:QC]"/>
			<Parameter
				name="P0000021"
				label="[WGHTS_PROV_TRM=10:SK]"/>
			<Parameter
				name="P0000022"
				label="[WGHTS_PROV_TRM=11:AB]"/>
		</ParameterList>
		<FactorList>
			<Predictor
				name="SEX_ASK_TRM"/>
			<Predictor
				name="Age_group_5"/>
			<Predictor
				name="Education"/>
			<Predictor
				name="WGHTS_PROV_TRM"/>
		</FactorList>
		<PPMatrix>
			<PPCell
				value="1:M"
				predictorName="SEX_ASK_TRM"
				parameterName="P0000002"/>
			<PPCell
				value="2:F"
				predictorName="SEX_ASK_TRM"
				parameterName="P0000003"/>
			<PPCell
				value="02:49-54"
				predictorName="Age_group_5"
				parameterName="P0000004"/>
			<PPCell
				value="03:55-64"
				predictorName="Age_group_5"
				parameterName="P0000005"/>
			<PPCell
				value="04:65-74"
				predictorName="Age_group_5"
				parameterName="P0000006"/>
			<PPCell
				value="05:75-85"
				predictorName="Age_group_5"
				parameterName="P0000007"/>
			<PPCell
				value="11:45-48"
				predictorName="Age_group_5"
				parameterName="P0000008"/>
			<PPCell
				value="02:Medium Education"
				predictorName="Education"
				parameterName="P0000009"/>
			<PPCell
				value="03:Higher Education lower"
				predictorName="Education"
				parameterName="P0000010"/>
			<PPCell
				value="04:Higher Education upper"
				predictorName="Education"
				parameterName="P0000011"/>
			<PPCell
				value="11:Low Education"
				predictorName="Education"
				parameterName="P0000012"/>
			<PPCell
				value="02:BC"
				predictorName="WGHTS_PROV_TRM"
				parameterName="P0000013"/>
			<PPCell
				value="03:MB"
				predictorName="WGHTS_PROV_TRM"
				parameterName="P0000014"/>
			<PPCell
				value="04:NB"
				predictorName="WGHTS_PROV_TRM"
				parameterName="P0000015"/>
			<PPCell
				value="05:NL"
				predictorName="WGHTS_PROV_TRM"
				parameterName="P0000016"/>
			<PPCell
				value="06:NS"
				predictorName="WGHTS_PROV_TRM"
				parameterName="P0000017"/>
			<PPCell
				value="07:ON"
				predictorName="WGHTS_PROV_TRM"
				parameterName="P0000018"/>
			<PPCell
				value="08:PE"
				predictorName="WGHTS_PROV_TRM"
				parameterName="P0000019"/>
			<PPCell
				value="09:QC"
				predictorName="WGHTS_PROV_TRM"
				parameterName="P0000020"/>
			<PPCell
				value="10:SK"
				predictorName="WGHTS_PROV_TRM"
				parameterName="P0000021"/>
			<PPCell
				value="11:AB"
				predictorName="WGHTS_PROV_TRM"
				parameterName="P0000022"/>
		</PPMatrix>
		<PCovMatrix>
			<PCovCell
				tRow="Yes"
				tCol="Yes"
				pRow="P0000001"
				pCol="P0000001"
				value="0.323721999289881"/>
			<PCovCell
				tRow="Yes"
				tCol="Yes"
				pRow="P0000002"
				pCol="P0000001"
				value="-0.00263049065768771"/>
			<PCovCell
				tRow="Yes"
				tCol="Yes"
				pRow="P0000002"
				pCol="P0000002"
				value="0.0658707264922617"/>
			<PCovCell
				tRow="Yes"
				tCol="Yes"
				pRow="P0000003"
				pCol="P0000001"
				value="0"/>
			<PCovCell
				tRow="Yes"
				tCol="Yes"
				pRow="P0000003"
				pCol="P0000002"
				value="0"/>
			<PCovCell
				tRow="Yes"
				tCol="Yes"
				pRow="P0000003"
				pCol="P0000003"
				value="0"/>
			<PCovCell
				tRow="Yes"
				tCol="Yes"
				pRow="P0000004"
				pCol="P0000001"
				value="-0.132646621070228"/>
			<PCovCell
				tRow="Yes"
				tCol="Yes"
				pRow="P0000004"
				pCol="P0000002"
				value="-0.0414933868988419"/>
			<PCovCell
				tRow="Yes"
				tCol="Yes"
				pRow="P0000004"
				pCol="P0000003"
				value="0"/>
			<PCovCell
				tRow="Yes"
				tCol="Yes"
				pRow="P0000004"
				pCol="P0000004"
				value="0.218007965145718"/>
			<PCovCell
				tRow="Yes"
				tCol="Yes"
				pRow="P0000005"
				pCol="P0000001"
				value="-0.140466005494005"/>
			<PCovCell
				tRow="Yes"
				tCol="Yes"
				pRow="P0000005"
				pCol="P0000002"
				value="-0.0323874145774553"/>
			<PCovCell
				tRow="Yes"
				tCol="Yes"
				pRow="P0000005"
				pCol="P0000003"
				value="0"/>
			<PCovCell
				tRow="Yes"
				tCol="Yes"
				pRow="P0000005"
				pCol="P0000004"
				value="0.150281823183945"/>
			<PCovCell
				tRow="Yes"
				tCol="Yes"
				pRow="P0000005"
				pCol="P0000005"
				value="0.198086113129521"/>
			<PCovCell
				tRow="Yes"
				tCol="Yes"
				pRow="P0000006"
				pCol="P0000001"
				value="-0.152595727403541"/>
			<PCovCell
				tRow="Yes"
				tCol="Yes"
				pRow="P0000006"
				pCol="P0000002"
				value="-0.0255970512773725"/>
			<PCovCell
				tRow="Yes"
				tCol="Yes"
				pRow="P0000006"
				pCol="P0000003"
				value="0"/>
			<PCovCell
				tRow="Yes"
				tCol="Yes"
				pRow="P0000006"
				pCol="P0000004"
				value="0.152840295409947"/>
			<PCovCell
				tRow="Yes"
				tCol="Yes"
				pRow="P0000006"
				pCol="P0000005"
				value="0.163246447990274"/>
			<PCovCell
				tRow="Yes"
				tCol="Yes"
				pRow="P0000006"
				pCol="P0000006"
				value="0.2395720653117"/>
			<PCovCell
				tRow="Yes"
				tCol="Yes"
				pRow="P0000007"
				pCol="P0000001"
				value="-0.148594795086936"/>
			<PCovCell
				tRow="Yes"
				tCol="Yes"
				pRow="P0000007"
				pCol="P0000002"
				value="-0.0339321069436307"/>
			<PCovCell
				tRow="Yes"
				tCol="Yes"
				pRow="P0000007"
				pCol="P0000003"
				value="0"/>
			<PCovCell
				tRow="Yes"
				tCol="Yes"
				pRow="P0000007"
				pCol="P0000004"
				value="0.154385239524812"/>
			<PCovCell
				tRow="Yes"
				tCol="Yes"
				pRow="P0000007"
				pCol="P0000005"
				value="0.158814520352836"/>
			<PCovCell
				tRow="Yes"
				tCol="Yes"
				pRow="P0000007"
				pCol="P0000006"
				value="0.158724914536905"/>
			<PCovCell
				tRow="Yes"
				tCol="Yes"
				pRow="P0000007"
				pCol="P0000007"
				value="0.232464878668707"/>
			<PCovCell
				tRow="Yes"
				tCol="Yes"
				pRow="P0000008"
				pCol="P0000001"
				value="0"/>
			<PCovCell
				tRow="Yes"
				tCol="Yes"
				pRow="P0000008"
				pCol="P0000002"
				value="0"/>
			<PCovCell
				tRow="Yes"
				tCol="Yes"
				pRow="P0000008"
				pCol="P0000003"
				value="0"/>
			<PCovCell
				tRow="Yes"
				tCol="Yes"
				pRow="P0000008"
				pCol="P0000004"
				value="0"/>
			<PCovCell
				tRow="Yes"
				tCol="Yes"
				pRow="P0000008"
				pCol="P0000005"
				value="0"/>
			<PCovCell
				tRow="Yes"
				tCol="Yes"
				pRow="P0000008"
				pCol="P0000006"
				value="0"/>
			<PCovCell
				tRow="Yes"
				tCol="Yes"
				pRow="P0000008"
				pCol="P0000007"
				value="0"/>
			<PCovCell
				tRow="Yes"
				tCol="Yes"
				pRow="P0000008"
				pCol="P0000008"
				value="0"/>
			<PCovCell
				tRow="Yes"
				tCol="Yes"
				pRow="P0000009"
				pCol="P0000001"
				value="-0.113915723194861"/>
			<PCovCell
				tRow="Yes"
				tCol="Yes"
				pRow="P0000009"
				pCol="P0000002"
				value="-0.00712172030049581"/>
			<PCovCell
				tRow="Yes"
				tCol="Yes"
				pRow="P0000009"
				pCol="P0000003"
				value="0"/>
			<PCovCell
				tRow="Yes"
				tCol="Yes"
				pRow="P0000009"
				pCol="P0000004"
				value="0.00197288784197757"/>
			<PCovCell
				tRow="Yes"
				tCol="Yes"
				pRow="P0000009"
				pCol="P0000005"
				value="0.0272711404426051"/>
			<PCovCell
				tRow="Yes"
				tCol="Yes"
				pRow="P0000009"
				pCol="P0000006"
				value="0.023029632391853"/>
			<PCovCell
				tRow="Yes"
				tCol="Yes"
				pRow="P0000009"
				pCol="P0000007"
				value="0.0227368879847822"/>
			<PCovCell
				tRow="Yes"
				tCol="Yes"
				pRow="P0000009"
				pCol="P0000008"
				value="0"/>
			<PCovCell
				tRow="Yes"
				tCol="Yes"
				pRow="P0000009"
				pCol="P0000009"
				value="0.141137982627095"/>
			<PCovCell
				tRow="Yes"
				tCol="Yes"
				pRow="P0000010"
				pCol="P0000001"
				value="-0.10846842010279"/>
			<PCovCell
				tRow="Yes"
				tCol="Yes"
				pRow="P0000010"
				pCol="P0000002"
				value="-0.0170387039753036"/>
			<PCovCell
				tRow="Yes"
				tCol="Yes"
				pRow="P0000010"
				pCol="P0000003"
				value="0"/>
			<PCovCell
				tRow="Yes"
				tCol="Yes"
				pRow="P0000010"
				pCol="P0000004"
				value="0.0290786098043166"/>
			<PCovCell
				tRow="Yes"
				tCol="Yes"
				pRow="P0000010"
				pCol="P0000005"
				value="0.0217225617182461"/>
			<PCovCell
				tRow="Yes"
				tCol="Yes"
				pRow="P0000010"
				pCol="P0000006"
				value="0.0149243365174691"/>
			<PCovCell
				tRow="Yes"
				tCol="Yes"
				pRow="P0000010"
				pCol="P0000007"
				value="0.0281992760327822"/>
			<PCovCell
				tRow="Yes"
				tCol="Yes"
				pRow="P0000010"
				pCol="P0000008"
				value="0"/>
			<PCovCell
				tRow="Yes"
				tCol="Yes"
				pRow="P0000010"
				pCol="P0000009"
				value="0.102999681546139"/>
			<PCovCell
				tRow="Yes"
				tCol="Yes"
				pRow="P0000010"
				pCol="P0000010"
				value="0.182461550093419"/>
			<PCovCell
				tRow="Yes"
				tCol="Yes"
				pRow="P0000011"
				pCol="P0000001"
				value="-0.0994834084768309"/>
			<PCovCell
				tRow="Yes"
				tCol="Yes"
				pRow="P0000011"
				pCol="P0000002"
				value="-0.0156688472382681"/>
			<PCovCell
				tRow="Yes"
				tCol="Yes"
				pRow="P0000011"
				pCol="P0000003"
				value="0"/>
			<PCovCell
				tRow="Yes"
				tCol="Yes"
				pRow="P0000011"
				pCol="P0000004"
				value="0.00799656584922611"/>
			<PCovCell
				tRow="Yes"
				tCol="Yes"
				pRow="P0000011"
				pCol="P0000005"
				value="0.0188655618252895"/>
			<PCovCell
				tRow="Yes"
				tCol="Yes"
				pRow="P0000011"
				pCol="P0000006"
				value="0.016395504715976"/>
			<PCovCell
				tRow="Yes"
				tCol="Yes"
				pRow="P0000011"
				pCol="P0000007"
				value="0.0194169320234487"/>
			<PCovCell
				tRow="Yes"
				tCol="Yes"
				pRow="P0000011"
				pCol="P0000008"
				value="0"/>
			<PCovCell
				tRow="Yes"
				tCol="Yes"
				pRow="P0000011"
				pCol="P0000009"
				value="0.108154267220736"/>
			<PCovCell
				tRow="Yes"
				tCol="Yes"
				pRow="P0000011"
				pCol="P0000010"
				value="0.104020066543706"/>
			<PCovCell
				tRow="Yes"
				tCol="Yes"
				pRow="P0000011"
				pCol="P0000011"
				value="0.144679650644096"/>
			<PCovCell
				tRow="Yes"
				tCol="Yes"
				pRow="P0000012"
				pCol="P0000001"
				value="0"/>
			<PCovCell
				tRow="Yes"
				tCol="Yes"
				pRow="P0000012"
				pCol="P0000002"
				value="0"/>
			<PCovCell
				tRow="Yes"
				tCol="Yes"
				pRow="P0000012"
				pCol="P0000003"
				value="0"/>
			<PCovCell
				tRow="Yes"
				tCol="Yes"
				pRow="P0000012"
				pCol="P0000004"
				value="0"/>
			<PCovCell
				tRow="Yes"
				tCol="Yes"
				pRow="P0000012"
				pCol="P0000005"
				value="0"/>
			<PCovCell
				tRow="Yes"
				tCol="Yes"
				pRow="P0000012"
				pCol="P0000006"
				value="0"/>
			<PCovCell
				tRow="Yes"
				tCol="Yes"
				pRow="P0000012"
				pCol="P0000007"
				value="0"/>
			<PCovCell
				tRow="Yes"
				tCol="Yes"
				pRow="P0000012"
				pCol="P0000008"
				value="0"/>
			<PCovCell
				tRow="Yes"
				tCol="Yes"
				pRow="P0000012"
				pCol="P0000009"
				value="0"/>
			<PCovCell
				tRow="Yes"
				tCol="Yes"
				pRow="P0000012"
				pCol="P0000010"
				value="0"/>
			<PCovCell
				tRow="Yes"
				tCol="Yes"
				pRow="P0000012"
				pCol="P0000011"
				value="0"/>
			<PCovCell
				tRow="Yes"
				tCol="Yes"
				pRow="P0000012"
				pCol="P0000012"
				value="0"/>
			<PCovCell
				tRow="Yes"
				tCol="Yes"
				pRow="P0000013"
				pCol="P0000001"
				value="-0.0716888117979115"/>
			<PCovCell
				tRow="Yes"
				tCol="Yes"
				pRow="P0000013"
				pCol="P0000002"
				value="0.0271326946305084"/>
			<PCovCell
				tRow="Yes"
				tCol="Yes"
				pRow="P0000013"
				pCol="P0000003"
				value="0"/>
			<PCovCell
				tRow="Yes"
				tCol="Yes"
				pRow="P0000013"
				pCol="P0000004"
				value="-0.030376893855307"/>
			<PCovCell
				tRow="Yes"
				tCol="Yes"
				pRow="P0000013"
				pCol="P0000005"
				value="-0.0366575441849698"/>
			<PCovCell
				tRow="Yes"
				tCol="Yes"
				pRow="P0000013"
				pCol="P0000006"
				value="-0.0298033533464297"/>
			<PCovCell
				tRow="Yes"
				tCol="Yes"
				pRow="P0000013"
				pCol="P0000007"
				value="-0.0440687959752527"/>
			<PCovCell
				tRow="Yes"
				tCol="Yes"
				pRow="P0000013"
				pCol="P0000008"
				value="0"/>
			<PCovCell
				tRow="Yes"
				tCol="Yes"
				pRow="P0000013"
				pCol="P0000009"
				value="-0.0322722257960348"/>
			<PCovCell
				tRow="Yes"
				tCol="Yes"
				pRow="P0000013"
				pCol="P0000010"
				value="-0.0390355481776215"/>
			<PCovCell
				tRow="Yes"
				tCol="Yes"
				pRow="P0000013"
				pCol="P0000011"
				value="-0.0293793932657166"/>
			<PCovCell
				tRow="Yes"
				tCol="Yes"
				pRow="P0000013"
				pCol="P0000012"
				value="0"/>
			<PCovCell
				tRow="Yes"
				tCol="Yes"
				pRow="P0000013"
				pCol="P0000013"
				value="0.226722793946349"/>
			<PCovCell
				tRow="Yes"
				tCol="Yes"
				pRow="P0000014"
				pCol="P0000001"
				value="-0.0925949212633905"/>
			<PCovCell
				tRow="Yes"
				tCol="Yes"
				pRow="P0000014"
				pCol="P0000002"
				value="0.00878268896517981"/>
			<PCovCell
				tRow="Yes"
				tCol="Yes"
				pRow="P0000014"
				pCol="P0000003"
				value="0"/>
			<PCovCell
				tRow="Yes"
				tCol="Yes"
				pRow="P0000014"
				pCol="P0000004"
				value="-0.0319281645268571"/>
			<PCovCell
				tRow="Yes"
				tCol="Yes"
				pRow="P0000014"
				pCol="P0000005"
				value="-0.0440303987360676"/>
			<PCovCell
				tRow="Yes"
				tCol="Yes"
				pRow="P0000014"
				pCol="P0000006"
				value="-0.0198388218202789"/>
			<PCovCell
				tRow="Yes"
				tCol="Yes"
				pRow="P0000014"
				pCol="P0000007"
				value="-0.0156918082951773"/>
			<PCovCell
				tRow="Yes"
				tCol="Yes"
				pRow="P0000014"
				pCol="P0000008"
				value="0"/>
			<PCovCell
				tRow="Yes"
				tCol="Yes"
				pRow="P0000014"
				pCol="P0000009"
				value="0.0135209159709144"/>
			<PCovCell
				tRow="Yes"
				tCol="Yes"
				pRow="P0000014"
				pCol="P0000010"
				value="-0.00860201713542823"/>
			<PCovCell
				tRow="Yes"
				tCol="Yes"
				pRow="P0000014"
				pCol="P0000011"
				value="0.00192699541146889"/>
			<PCovCell
				tRow="Yes"
				tCol="Yes"
				pRow="P0000014"
				pCol="P0000012"
				value="0"/>
			<PCovCell
				tRow="Yes"
				tCol="Yes"
				pRow="P0000014"
				pCol="P0000013"
				value="0.110009439912348"/>
			<PCovCell
				tRow="Yes"
				tCol="Yes"
				pRow="P0000014"
				pCol="P0000014"
				value="0.312924079677422"/>
			<PCovCell
				tRow="Yes"
				tCol="Yes"
				pRow="P0000015"
				pCol="P0000001"
				value="-0.13292543560604"/>
			<PCovCell
				tRow="Yes"
				tCol="Yes"
				pRow="P0000015"
				pCol="P0000002"
				value="0.016050497880055"/>
			<PCovCell
				tRow="Yes"
				tCol="Yes"
				pRow="P0000015"
				pCol="P0000003"
				value="0"/>
			<PCovCell
				tRow="Yes"
				tCol="Yes"
				pRow="P0000015"
				pCol="P0000004"
				value="-0.0124557641249132"/>
			<PCovCell
				tRow="Yes"
				tCol="Yes"
				pRow="P0000015"
				pCol="P0000005"
				value="-0.0131942456095558"/>
			<PCovCell
				tRow="Yes"
				tCol="Yes"
				pRow="P0000015"
				pCol="P0000006"
				value="-0.00735758652938723"/>
			<PCovCell
				tRow="Yes"
				tCol="Yes"
				pRow="P0000015"
				pCol="P0000007"
				value="0.00517599700404457"/>
			<PCovCell
				tRow="Yes"
				tCol="Yes"
				pRow="P0000015"
				pCol="P0000008"
				value="0"/>
			<PCovCell
				tRow="Yes"
				tCol="Yes"
				pRow="P0000015"
				pCol="P0000009"
				value="0.02913775699277"/>
			<PCovCell
				tRow="Yes"
				tCol="Yes"
				pRow="P0000015"
				pCol="P0000010"
				value="0.0256259110139457"/>
			<PCovCell
				tRow="Yes"
				tCol="Yes"
				pRow="P0000015"
				pCol="P0000011"
				value="0.0206387011579847"/>
			<PCovCell
				tRow="Yes"
				tCol="Yes"
				pRow="P0000015"
				pCol="P0000012"
				value="0"/>
			<PCovCell
				tRow="Yes"
				tCol="Yes"
				pRow="P0000015"
				pCol="P0000013"
				value="0.111730011933829"/>
			<PCovCell
				tRow="Yes"
				tCol="Yes"
				pRow="P0000015"
				pCol="P0000014"
				value="0.113040393978355"/>
			<PCovCell
				tRow="Yes"
				tCol="Yes"
				pRow="P0000015"
				pCol="P0000015"
				value="0.431311605978141"/>
			<PCovCell
				tRow="Yes"
				tCol="Yes"
				pRow="P0000016"
				pCol="P0000001"
				value="-0.163498742488498"/>
			<PCovCell
				tRow="Yes"
				tCol="Yes"
				pRow="P0000016"
				pCol="P0000002"
				value="-0.0230216200747483"/>
			<PCovCell
				tRow="Yes"
				tCol="Yes"
				pRow="P0000016"
				pCol="P0000003"
				value="0"/>
			<PCovCell
				tRow="Yes"
				tCol="Yes"
				pRow="P0000016"
				pCol="P0000004"
				value="0.0278727060790066"/>
			<PCovCell
				tRow="Yes"
				tCol="Yes"
				pRow="P0000016"
				pCol="P0000005"
				value="0.0224083780470321"/>
			<PCovCell
				tRow="Yes"
				tCol="Yes"
				pRow="P0000016"
				pCol="P0000006"
				value="0.030147023598446"/>
			<PCovCell
				tRow="Yes"
				tCol="Yes"
				pRow="P0000016"
				pCol="P0000007"
				value="0.0794746000812348"/>
			<PCovCell
				tRow="Yes"
				tCol="Yes"
				pRow="P0000016"
				pCol="P0000008"
				value="0"/>
			<PCovCell
				tRow="Yes"
				tCol="Yes"
				pRow="P0000016"
				pCol="P0000009"
				value="0.0489221871883889"/>
			<PCovCell
				tRow="Yes"
				tCol="Yes"
				pRow="P0000016"
				pCol="P0000010"
				value="0.0341496874017138"/>
			<PCovCell
				tRow="Yes"
				tCol="Yes"
				pRow="P0000016"
				pCol="P0000011"
				value="0.0407508954784855"/>
			<PCovCell
				tRow="Yes"
				tCol="Yes"
				pRow="P0000016"
				pCol="P0000012"
				value="0"/>
			<PCovCell
				tRow="Yes"
				tCol="Yes"
				pRow="P0000016"
				pCol="P0000013"
				value="0.0893566793923762"/>
			<PCovCell
				tRow="Yes"
				tCol="Yes"
				pRow="P0000016"
				pCol="P0000014"
				value="0.117045076907533"/>
			<PCovCell
				tRow="Yes"
				tCol="Yes"
				pRow="P0000016"
				pCol="P0000015"
				value="0.11987424203604"/>
			<PCovCell
				tRow="Yes"
				tCol="Yes"
				pRow="P0000016"
				pCol="P0000016"
				value="0.434186268832241"/>
			<PCovCell
				tRow="Yes"
				tCol="Yes"
				pRow="P0000017"
				pCol="P0000001"
				value="-0.0840565770201217"/>
			<PCovCell
				tRow="Yes"
				tCol="Yes"
				pRow="P0000017"
				pCol="P0000002"
				value="0.0315053590902124"/>
			<PCovCell
				tRow="Yes"
				tCol="Yes"
				pRow="P0000017"
				pCol="P0000003"
				value="0"/>
			<PCovCell
				tRow="Yes"
				tCol="Yes"
				pRow="P0000017"
				pCol="P0000004"
				value="-0.0137432914661715"/>
			<PCovCell
				tRow="Yes"
				tCol="Yes"
				pRow="P0000017"
				pCol="P0000005"
				value="-0.0414659990604305"/>
			<PCovCell
				tRow="Yes"
				tCol="Yes"
				pRow="P0000017"
				pCol="P0000006"
				value="-0.0382353362819603"/>
			<PCovCell
				tRow="Yes"
				tCol="Yes"
				pRow="P0000017"
				pCol="P0000007"
				value="-0.0321102874564691"/>
			<PCovCell
				tRow="Yes"
				tCol="Yes"
				pRow="P0000017"
				pCol="P0000008"
				value="0"/>
			<PCovCell
				tRow="Yes"
				tCol="Yes"
				pRow="P0000017"
				pCol="P0000009"
				value="-0.031367314800166"/>
			<PCovCell
				tRow="Yes"
				tCol="Yes"
				pRow="P0000017"
				pCol="P0000010"
				value="-0.00672952915289352"/>
			<PCovCell
				tRow="Yes"
				tCol="Yes"
				pRow="P0000017"
				pCol="P0000011"
				value="-0.0306090106503746"/>
			<PCovCell
				tRow="Yes"
				tCol="Yes"
				pRow="P0000017"
				pCol="P0000012"
				value="0"/>
			<PCovCell
				tRow="Yes"
				tCol="Yes"
				pRow="P0000017"
				pCol="P0000013"
				value="0.107278297286824"/>
			<PCovCell
				tRow="Yes"
				tCol="Yes"
				pRow="P0000017"
				pCol="P0000014"
				value="0.103242634270165"/>
			<PCovCell
				tRow="Yes"
				tCol="Yes"
				pRow="P0000017"
				pCol="P0000015"
				value="0.112850411468489"/>
			<PCovCell
				tRow="Yes"
				tCol="Yes"
				pRow="P0000017"
				pCol="P0000016"
				value="0.0939215885130716"/>
			<PCovCell
				tRow="Yes"
				tCol="Yes"
				pRow="P0000017"
				pCol="P0000017"
				value="0.343003290562651"/>
			<PCovCell
				tRow="Yes"
				tCol="Yes"
				pRow="P0000018"
				pCol="P0000001"
				value="-0.114349432911501"/>
			<PCovCell
				tRow="Yes"
				tCol="Yes"
				pRow="P0000018"
				pCol="P0000002"
				value="0.0127297606402857"/>
			<PCovCell
				tRow="Yes"
				tCol="Yes"
				pRow="P0000018"
				pCol="P0000003"
				value="0"/>
			<PCovCell
				tRow="Yes"
				tCol="Yes"
				pRow="P0000018"
				pCol="P0000004"
				value="-0.0164874953794118"/>
			<PCovCell
				tRow="Yes"
				tCol="Yes"
				pRow="P0000018"
				pCol="P0000005"
				value="-0.0124758069129666"/>
			<PCovCell
				tRow="Yes"
				tCol="Yes"
				pRow="P0000018"
				pCol="P0000006"
				value="0.0121259154284285"/>
			<PCovCell
				tRow="Yes"
				tCol="Yes"
				pRow="P0000018"
				pCol="P0000007"
				value="-0.00759428519966684"/>
			<PCovCell
				tRow="Yes"
				tCol="Yes"
				pRow="P0000018"
				pCol="P0000008"
				value="0"/>
			<PCovCell
				tRow="Yes"
				tCol="Yes"
				pRow="P0000018"
				pCol="P0000009"
				value="0.0115214239020485"/>
			<PCovCell
				tRow="Yes"
				tCol="Yes"
				pRow="P0000018"
				pCol="P0000010"
				value="-0.00383486995746338"/>
			<PCovCell
				tRow="Yes"
				tCol="Yes"
				pRow="P0000018"
				pCol="P0000011"
				value="-0.000260114940872634"/>
			<PCovCell
				tRow="Yes"
				tCol="Yes"
				pRow="P0000018"
				pCol="P0000012"
				value="0"/>
			<PCovCell
				tRow="Yes"
				tCol="Yes"
				pRow="P0000018"
				pCol="P0000013"
				value="0.111937986008746"/>
			<PCovCell
				tRow="Yes"
				tCol="Yes"
				pRow="P0000018"
				pCol="P0000014"
				value="0.108587207891889"/>
			<PCovCell
				tRow="Yes"
				tCol="Yes"
				pRow="P0000018"
				pCol="P0000015"
				value="0.113307352830052"/>
			<PCovCell
				tRow="Yes"
				tCol="Yes"
				pRow="P0000018"
				pCol="P0000016"
				value="0.108266677569012"/>
			<PCovCell
				tRow="Yes"
				tCol="Yes"
				pRow="P0000018"
				pCol="P0000017"
				value="0.10737840611609"/>
			<PCovCell
				tRow="Yes"
				tCol="Yes"
				pRow="P0000018"
				pCol="P0000018"
				value="0.177999993585635"/>
			<PCovCell
				tRow="Yes"
				tCol="Yes"
				pRow="P0000019"
				pCol="P0000001"
				value="-0.0834046849077345"/>
			<PCovCell
				tRow="Yes"
				tCol="Yes"
				pRow="P0000019"
				pCol="P0000002"
				value="0.0106946661792411"/>
			<PCovCell
				tRow="Yes"
				tCol="Yes"
				pRow="P0000019"
				pCol="P0000003"
				value="0"/>
			<PCovCell
				tRow="Yes"
				tCol="Yes"
				pRow="P0000019"
				pCol="P0000004"
				value="-0.0149883138032576"/>
			<PCovCell
				tRow="Yes"
				tCol="Yes"
				pRow="P0000019"
				pCol="P0000005"
				value="-0.0336002175705487"/>
			<PCovCell
				tRow="Yes"
				tCol="Yes"
				pRow="P0000019"
				pCol="P0000006"
				value="-0.014719377576587"/>
			<PCovCell
				tRow="Yes"
				tCol="Yes"
				pRow="P0000019"
				pCol="P0000007"
				value="-0.0270893625009475"/>
			<PCovCell
				tRow="Yes"
				tCol="Yes"
				pRow="P0000019"
				pCol="P0000008"
				value="0"/>
			<PCovCell
				tRow="Yes"
				tCol="Yes"
				pRow="P0000019"
				pCol="P0000009"
				value="-0.0166861632903499"/>
			<PCovCell
				tRow="Yes"
				tCol="Yes"
				pRow="P0000019"
				pCol="P0000010"
				value="-0.0109554897623923"/>
			<PCovCell
				tRow="Yes"
				tCol="Yes"
				pRow="P0000019"
				pCol="P0000011"
				value="-0.0238117029012021"/>
			<PCovCell
				tRow="Yes"
				tCol="Yes"
				pRow="P0000019"
				pCol="P0000012"
				value="0"/>
			<PCovCell
				tRow="Yes"
				tCol="Yes"
				pRow="P0000019"
				pCol="P0000013"
				value="0.121891520945148"/>
			<PCovCell
				tRow="Yes"
				tCol="Yes"
				pRow="P0000019"
				pCol="P0000014"
				value="0.112732409856603"/>
			<PCovCell
				tRow="Yes"
				tCol="Yes"
				pRow="P0000019"
				pCol="P0000015"
				value="0.108638233068068"/>
			<PCovCell
				tRow="Yes"
				tCol="Yes"
				pRow="P0000019"
				pCol="P0000016"
				value="0.0959977079241904"/>
			<PCovCell
				tRow="Yes"
				tCol="Yes"
				pRow="P0000019"
				pCol="P0000017"
				value="0.123259925932255"/>
			<PCovCell
				tRow="Yes"
				tCol="Yes"
				pRow="P0000019"
				pCol="P0000018"
				value="0.112507854157837"/>
			<PCovCell
				tRow="Yes"
				tCol="Yes"
				pRow="P0000019"
				pCol="P0000019"
				value="0.294336396060902"/>
			<PCovCell
				tRow="Yes"
				tCol="Yes"
				pRow="P0000020"
				pCol="P0000001"
				value="-0.0864747445170019"/>
			<PCovCell
				tRow="Yes"
				tCol="Yes"
				pRow="P0000020"
				pCol="P0000002"
				value="-0.00940756093031992"/>
			<PCovCell
				tRow="Yes"
				tCol="Yes"
				pRow="P0000020"
				pCol="P0000003"
				value="0"/>
			<PCovCell
				tRow="Yes"
				tCol="Yes"
				pRow="P0000020"
				pCol="P0000004"
				value="0.016559634920699"/>
			<PCovCell
				tRow="Yes"
				tCol="Yes"
				pRow="P0000020"
				pCol="P0000005"
				value="-0.0290159018152783"/>
			<PCovCell
				tRow="Yes"
				tCol="Yes"
				pRow="P0000020"
				pCol="P0000006"
				value="-0.0228427588026759"/>
			<PCovCell
				tRow="Yes"
				tCol="Yes"
				pRow="P0000020"
				pCol="P0000007"
				value="-0.0126146762882007"/>
			<PCovCell
				tRow="Yes"
				tCol="Yes"
				pRow="P0000020"
				pCol="P0000008"
				value="0"/>
			<PCovCell
				tRow="Yes"
				tCol="Yes"
				pRow="P0000020"
				pCol="P0000009"
				value="-0.0186795920860741"/>
			<PCovCell
				tRow="Yes"
				tCol="Yes"
				pRow="P0000020"
				pCol="P0000010"
				value="0.0110711175945691"/>
			<PCovCell
				tRow="Yes"
				tCol="Yes"
				pRow="P0000020"
				pCol="P0000011"
				value="-0.0214581433138644"/>
			<PCovCell
				tRow="Yes"
				tCol="Yes"
				pRow="P0000020"
				pCol="P0000012"
				value="0"/>
			<PCovCell
				tRow="Yes"
				tCol="Yes"
				pRow="P0000020"
				pCol="P0000013"
				value="0.110443331321949"/>
			<PCovCell
				tRow="Yes"
				tCol="Yes"
				pRow="P0000020"
				pCol="P0000014"
				value="0.114987996667019"/>
			<PCovCell
				tRow="Yes"
				tCol="Yes"
				pRow="P0000020"
				pCol="P0000015"
				value="0.104793868295631"/>
			<PCovCell
				tRow="Yes"
				tCol="Yes"
				pRow="P0000020"
				pCol="P0000016"
				value="0.107316285478582"/>
			<PCovCell
				tRow="Yes"
				tCol="Yes"
				pRow="P0000020"
				pCol="P0000017"
				value="0.116488202614006"/>
			<PCovCell
				tRow="Yes"
				tCol="Yes"
				pRow="P0000020"
				pCol="P0000018"
				value="0.107814304059047"/>
			<PCovCell
				tRow="Yes"
				tCol="Yes"
				pRow="P0000020"
				pCol="P0000019"
				value="0.119267528433328"/>
			<PCovCell
				tRow="Yes"
				tCol="Yes"
				pRow="P0000020"
				pCol="P0000020"
				value="0.214857698476927"/>
			<PCovCell
				tRow="Yes"
				tCol="Yes"
				pRow="P0000021"
				pCol="P0000001"
				value="-0.122211480360911"/>
			<PCovCell
				tRow="Yes"
				tCol="Yes"
				pRow="P0000021"
				pCol="P0000002"
				value="0.00708367714935553"/>
			<PCovCell
				tRow="Yes"
				tCol="Yes"
				pRow="P0000021"
				pCol="P0000003"
				value="0"/>
			<PCovCell
				tRow="Yes"
				tCol="Yes"
				pRow="P0000021"
				pCol="P0000004"
				value="0.0145977797516642"/>
			<PCovCell
				tRow="Yes"
				tCol="Yes"
				pRow="P0000021"
				pCol="P0000005"
				value="-0.000801140018756124"/>
			<PCovCell
				tRow="Yes"
				tCol="Yes"
				pRow="P0000021"
				pCol="P0000006"
				value="0.015369115930813"/>
			<PCovCell
				tRow="Yes"
				tCol="Yes"
				pRow="P0000021"
				pCol="P0000007"
				value="0.0121105085079567"/>
			<PCovCell
				tRow="Yes"
				tCol="Yes"
				pRow="P0000021"
				pCol="P0000008"
				value="0"/>
			<PCovCell
				tRow="Yes"
				tCol="Yes"
				pRow="P0000021"
				pCol="P0000009"
				value="-7.88859657692843e-005"/>
			<PCovCell
				tRow="Yes"
				tCol="Yes"
				pRow="P0000021"
				pCol="P0000010"
				value="0.000439687915587507"/>
			<PCovCell
				tRow="Yes"
				tCol="Yes"
				pRow="P0000021"
				pCol="P0000011"
				value="0.000467092831011844"/>
			<PCovCell
				tRow="Yes"
				tCol="Yes"
				pRow="P0000021"
				pCol="P0000012"
				value="0"/>
			<PCovCell
				tRow="Yes"
				tCol="Yes"
				pRow="P0000021"
				pCol="P0000013"
				value="0.112654677687801"/>
			<PCovCell
				tRow="Yes"
				tCol="Yes"
				pRow="P0000021"
				pCol="P0000014"
				value="0.108157710127947"/>
			<PCovCell
				tRow="Yes"
				tCol="Yes"
				pRow="P0000021"
				pCol="P0000015"
				value="0.10995669820273"/>
			<PCovCell
				tRow="Yes"
				tCol="Yes"
				pRow="P0000021"
				pCol="P0000016"
				value="0.10607317389781"/>
			<PCovCell
				tRow="Yes"
				tCol="Yes"
				pRow="P0000021"
				pCol="P0000017"
				value="0.115261728184469"/>
			<PCovCell
				tRow="Yes"
				tCol="Yes"
				pRow="P0000021"
				pCol="P0000018"
				value="0.110152170583323"/>
			<PCovCell
				tRow="Yes"
				tCol="Yes"
				pRow="P0000021"
				pCol="P0000019"
				value="0.111427783320298"/>
			<PCovCell
				tRow="Yes"
				tCol="Yes"
				pRow="P0000021"
				pCol="P0000020"
				value="0.111672597793668"/>
			<PCovCell
				tRow="Yes"
				tCol="Yes"
				pRow="P0000021"
				pCol="P0000021"
				value="0.258596168236368"/>
			<PCovCell
				tRow="Yes"
				tCol="Yes"
				pRow="P0000022"
				pCol="P0000001"
				value="0"/>
			<PCovCell
				tRow="Yes"
				tCol="Yes"
				pRow="P0000022"
				pCol="P0000002"
				value="0"/>
			<PCovCell
				tRow="Yes"
				tCol="Yes"
				pRow="P0000022"
				pCol="P0000003"
				value="0"/>
			<PCovCell
				tRow="Yes"
				tCol="Yes"
				pRow="P0000022"
				pCol="P0000004"
				value="0"/>
			<PCovCell
				tRow="Yes"
				tCol="Yes"
				pRow="P0000022"
				pCol="P0000005"
				value="0"/>
			<PCovCell
				tRow="Yes"
				tCol="Yes"
				pRow="P0000022"
				pCol="P0000006"
				value="0"/>
			<PCovCell
				tRow="Yes"
				tCol="Yes"
				pRow="P0000022"
				pCol="P0000007"
				value="0"/>
			<PCovCell
				tRow="Yes"
				tCol="Yes"
				pRow="P0000022"
				pCol="P0000008"
				value="0"/>
			<PCovCell
				tRow="Yes"
				tCol="Yes"
				pRow="P0000022"
				pCol="P0000009"
				value="0"/>
			<PCovCell
				tRow="Yes"
				tCol="Yes"
				pRow="P0000022"
				pCol="P0000010"
				value="0"/>
			<PCovCell
				tRow="Yes"
				tCol="Yes"
				pRow="P0000022"
				pCol="P0000011"
				value="0"/>
			<PCovCell
				tRow="Yes"
				tCol="Yes"
				pRow="P0000022"
				pCol="P0000012"
				value="0"/>
			<PCovCell
				tRow="Yes"
				tCol="Yes"
				pRow="P0000022"
				pCol="P0000013"
				value="0"/>
			<PCovCell
				tRow="Yes"
				tCol="Yes"
				pRow="P0000022"
				pCol="P0000014"
				value="0"/>
			<PCovCell
				tRow="Yes"
				tCol="Yes"
				pRow="P0000022"
				pCol="P0000015"
				value="0"/>
			<PCovCell
				tRow="Yes"
				tCol="Yes"
				pRow="P0000022"
				pCol="P0000016"
				value="0"/>
			<PCovCell
				tRow="Yes"
				tCol="Yes"
				pRow="P0000022"
				pCol="P0000017"
				value="0"/>
			<PCovCell
				tRow="Yes"
				tCol="Yes"
				pRow="P0000022"
				pCol="P0000018"
				value="0"/>
			<PCovCell
				tRow="Yes"
				tCol="Yes"
				pRow="P0000022"
				pCol="P0000019"
				value="0"/>
			<PCovCell
				tRow="Yes"
				tCol="Yes"
				pRow="P0000022"
				pCol="P0000020"
				value="0"/>
			<PCovCell
				tRow="Yes"
				tCol="Yes"
				pRow="P0000022"
				pCol="P0000021"
				value="0"/>
			<PCovCell
				tRow="Yes"
				tCol="Yes"
				pRow="P0000022"
				pCol="P0000022"
				value="0"/>
		</PCovMatrix>
		<ParamMatrix>
			<PCell
				targetCategory="Yes"
				parameterName="P0000001"
				beta="-1.2900553771096"
				df="1"/>
			<PCell
				targetCategory="Yes"
				parameterName="P0000002"
				beta="-0.17396207628969"
				df="1"/>
			<PCell
				targetCategory="Yes"
				parameterName="P0000003"
				beta="0"
				df="0"/>
			<PCell
				targetCategory="Yes"
				parameterName="P0000004"
				beta="0.145839994259141"
				df="1"/>
			<PCell
				targetCategory="Yes"
				parameterName="P0000005"
				beta="0.254054688504549"
				df="1"/>
			<PCell
				targetCategory="Yes"
				parameterName="P0000006"
				beta="-0.327902243281527"
				df="1"/>
			<PCell
				targetCategory="Yes"
				parameterName="P0000007"
				beta="0.319404748448491"
				df="1"/>
			<PCell
				targetCategory="Yes"
				parameterName="P0000008"
				beta="0"
				df="0"/>
			<PCell
				targetCategory="Yes"
				parameterName="P0000009"
				beta="-0.601733543432256"
				df="1"/>
			<PCell
				targetCategory="Yes"
				parameterName="P0000010"
				beta="-0.54219433968204"
				df="1"/>
			<PCell
				targetCategory="Yes"
				parameterName="P0000011"
				beta="-0.42102816759949"
				df="1"/>
			<PCell
				targetCategory="Yes"
				parameterName="P0000012"
				beta="0"
				df="0"/>
			<PCell
				targetCategory="Yes"
				parameterName="P0000013"
				beta="0.876798997481487"
				df="1"/>
			<PCell
				targetCategory="Yes"
				parameterName="P0000014"
				beta="0.833597206280977"
				df="1"/>
			<PCell
				targetCategory="Yes"
				parameterName="P0000015"
				beta="-0.264615128153499"
				df="1"/>
			<PCell
				targetCategory="Yes"
				parameterName="P0000016"
				beta="-0.613742017667177"
				df="1"/>
			<PCell
				targetCategory="Yes"
				parameterName="P0000017"
				beta="1.07264439417986"
				df="1"/>
			<PCell
				targetCategory="Yes"
				parameterName="P0000018"
				beta="0.0504059542912406"
				df="1"/>
			<PCell
				targetCategory="Yes"
				parameterName="P0000019"
				beta="1.2012397226929"
				df="1"/>
			<PCell
				targetCategory="Yes"
				parameterName="P0000020"
				beta="0.676622168866188"
				df="1"/>
			<PCell
				targetCategory="Yes"
				parameterName="P0000021"
				beta="0.662878414608338"
				df="1"/>
			<PCell
				targetCategory="Yes"
				parameterName="P0000022"
				beta="0"
				df="0"/>
		</ParamMatrix>
	</GeneralRegressionModel>
</PMML>